Plant_height,Days_to_heading,Yield_per_plant,Thousand-grain_weight,Number_of_tillers,Effective_tillers,Panicle_length,Total_spikelets,Seed_setting_rate,Number_of_spikelets_per_panicle,Grain_length,Grain_width
145.30 ,85.50 ,14.70 ,27.40 ,7.30 ,7.00 ,27.50 ,1108.30 ,0.47 ,151.10 ,9.15 ,2.78 
93.10 ,95.10 ,15.40 ,32.90 ,10.30 ,9.20 ,23.00 ,1268.70 ,0.36 ,122.80 ,7.83 ,2.22 
146.10 ,73.50 ,9.70 ,26.50 ,6.70 ,6.20 ,26.10 ,556.30 ,0.64 ,83.40 ,8.58 ,2.72 
153.30 ,72.40 ,12.80 ,25.60 ,6.30 ,7.40 ,25.40 ,659.00 ,0.76 ,104.10 ,8.67 ,2.69 
115.10 ,74.50 ,7.10 ,24.30 ,10.70 ,6.60 ,20.20 ,624.70 ,0.44 ,58.60 ,8.86 ,3.16 
149.50 ,75.40 ,19.50 ,27.40 ,6.30 ,7.20 ,27.90 ,937.30 ,0.78 ,148.00 ,8.41 ,2.77 
142.80 ,75.50 ,10.60 ,25.80 ,6.70 ,5.40 ,27.40 ,689.30 ,0.57 ,103.40 ,8.30 ,2.72 
146.40 ,72.30 ,17.70 ,26.20 ,9.70 ,5.80 ,27.20 ,1103.00 ,0.61 ,114.10 ,8.16 ,2.68 
119.10 ,77.50 ,12.00 ,25.60 ,10.70 ,6.60 ,25.60 ,1017.70 ,0.47 ,95.40 ,8.42 ,3.38 
112.50 ,73.40 ,14.00 ,30.50 ,10.00 ,7.20 ,24.20 ,909.00 ,0.53 ,90.90 ,8.40 ,3.48 
98.70 ,79.50 ,11.00 ,NA,11.00 ,10.00 ,21.20 ,635.70 ,0.32 ,57.80 ,7.53 ,2.37 
95.50 ,95.10 ,9.60 ,22.70 ,8.70 ,9.40 ,24.50 ,1211.00 ,0.37 ,139.70 ,7.74 ,2.27 
119.70 ,74.40 ,9.30 ,29.90 ,7.30 ,5.20 ,24.30 ,630.70 ,0.52 ,86.00 ,8.57 ,3.57 
134.90 ,76.40 ,9.70 ,23.70 ,8.00 ,9.60 ,28.30 ,966.30 ,0.41 ,120.80 ,8.02 ,3.10 
114.40 ,74.50 ,10.30 ,28.20 ,6.30 ,7.00 ,26.10 ,496.70 ,0.74 ,78.40 ,8.80 ,3.16 
140.70 ,71.50 ,25.40 ,27.20 ,9.30 ,7.40 ,26.30 ,1172.70 ,0.79 ,125.60 ,8.39 ,2.73 
127.30 ,75.50 ,21.20 ,29.40 ,11.30 ,6.00 ,21.00 ,1139.30 ,0.64 ,100.50 ,8.08 ,2.75 
102.40 ,73.50 ,8.10 ,27.50 ,8.00 ,5.40 ,23.80 ,644.00 ,0.50 ,80.50 ,8.24 ,3.22 
133.00 ,75.50 ,19.10 ,22.60 ,10.00 ,7.00 ,25.00 ,1429.00 ,0.60 ,142.90 ,8.98 ,2.17 
143.40 ,71.50 ,19.00 ,26.50 ,8.30 ,7.40 ,24.90 ,966.70 ,0.76 ,116.00 ,8.40 ,2.79 
102.60 ,80.50 ,22.00 ,18.00 ,10.00 ,7.00 ,25.00 ,2154.70 ,0.55 ,215.50 ,8.78 ,2.07 
127.10 ,83.40 ,15.90 ,23.80 ,9.00 ,7.20 ,23.90 ,1570.70 ,0.42 ,174.50 ,7.76 ,2.57 
126.20 ,83.50 ,17.70 ,25.50 ,8.30 ,7.00 ,23.80 ,1513.30 ,0.43 ,181.60 ,7.77 ,2.59 
121.20 ,70.50 ,13.40 ,22.70 ,11.70 ,8.00 ,24.30 ,1003.00 ,0.58 ,86.00 ,7.85 ,2.50 
151.70 ,74.40 ,25.60 ,27.50 ,9.70 ,4.20 ,27.40 ,1154.70 ,0.82 ,119.40 ,8.57 ,2.73 
92.40 ,74.50 ,5.60 ,22.80 ,10.30 ,3.20 ,21.40 ,477.30 ,0.50 ,46.20 ,8.06 ,3.01 
118.10 ,74.40 ,11.70 ,32.30 ,9.70 ,8.00 ,25.00 ,690.00 ,0.52 ,71.40 ,7.45 ,2.93 
152.00 ,77.40 ,22.00 ,27.30 ,8.30 ,8.20 ,28.90 ,1092.00 ,0.74 ,131.00 ,8.48 ,2.70 
117.60 ,74.40 ,9.70 ,26.20 ,9.00 ,6.60 ,24.60 ,748.00 ,0.50 ,83.10 ,8.07 ,3.31 
142.80 ,82.30 ,10.20 ,27.00 ,7.00 ,5.40 ,25.90 ,776.00 ,0.49 ,110.90 ,9.30 ,3.17 
154.40 ,72.40 ,23.60 ,25.60 ,9.30 ,7.80 ,28.30 ,1333.70 ,0.69 ,142.90 ,8.50 ,2.74 
157.30 ,72.40 ,21.80 ,25.60 ,8.00 ,4.20 ,26.20 ,1179.00 ,0.72 ,147.40 ,8.44 ,2.74 
124.40 ,77.40 ,6.70 ,25.10 ,6.70 ,6.40 ,24.30 ,737.00 ,0.36 ,110.60 ,8.24 ,3.36 
122.50 ,74.50 ,7.50 ,21.70 ,10.30 ,7.40 ,24.60 ,949.70 ,0.41 ,91.90 ,7.98 ,3.07 
120.60 ,74.40 ,5.80 ,21.90 ,8.30 ,7.20 ,21.90 ,583.30 ,0.43 ,70.00 ,8.28 ,3.17 
104.80 ,80.40 ,8.80 ,21.70 ,11.30 ,7.20 ,23.90 ,1213.00 ,0.31 ,107.00 ,NA,2.57 
111.40 ,74.40 ,6.40 ,21.40 ,10.00 ,7.40 ,22.90 ,754.00 ,0.40 ,75.40 ,8.33 ,3.17 
123.10 ,72.50 ,11.30 ,20.80 ,14.30 ,7.60 ,22.60 ,1363.70 ,0.40 ,95.10 ,8.18 ,2.98 
113.10 ,74.40 ,7.40 ,25.40 ,8.70 ,8.60 ,24.80 ,780.30 ,0.39 ,90.00 ,7.97 ,3.40 
128.50 ,77.40 ,6.80 ,23.60 ,7.70 ,8.40 ,26.60 ,806.30 ,0.38 ,105.20 ,8.40 ,3.02 
120.30 ,77.50 ,6.10 ,21.80 ,7.30 ,5.60 ,26.70 ,640.00 ,0.44 ,87.30 ,8.23 ,3.09 
118.50 ,74.40 ,5.20 ,18.60 ,9.70 ,6.20 ,21.80 ,803.30 ,0.35 ,83.10 ,7.52 ,2.80 
115.60 ,74.50 ,10.90 ,22.30 ,11.30 ,7.00 ,22.10 ,1084.70 ,0.43 ,95.70 ,7.70 ,2.74 
122.80 ,74.40 ,8.70 ,23.70 ,8.30 ,8.00 ,24.90 ,809.00 ,0.45 ,97.10 ,7.99 ,3.23 
96.90 ,92.50 ,7.00 ,20.10 ,10.00 ,6.40 ,23.40 ,1220.70 ,0.27 ,122.10 ,7.43 ,2.84 
112.60 ,74.40 ,6.60 ,25.20 ,5.30 ,5.60 ,24.00 ,527.30 ,0.43 ,98.90 ,7.50 ,3.23 
123.50 ,82.30 ,21.50 ,25.30 ,9.70 ,7.80 ,22.30 ,1831.30 ,0.48 ,189.40 ,7.33 ,2.55 
115.00 ,75.50 ,8.20 ,29.00 ,7.70 ,6.20 ,24.10 ,587.30 ,0.49 ,76.60 ,8.22 ,3.49 
116.10 ,73.40 ,15.70 ,27.90 ,15.70 ,10.40 ,22.40 ,1066.70 ,0.52 ,68.10 ,8.17 ,3.33 
104.60 ,75.50 ,11.20 ,24.20 ,15.00 ,7.20 ,23.00 ,855.30 ,0.53 ,57.00 ,8.49 ,3.11 
100.70 ,78.50 ,20.00 ,20.10 ,11.00 ,8.40 ,21.80 ,1620.00 ,0.63 ,147.30 ,8.33 ,2.29 
115.30 ,75.40 ,8.70 ,29.20 ,5.70 ,4.80 ,26.50 ,533.70 ,0.55 ,94.20 ,8.57 ,3.21 
104.70 ,75.40 ,9.80 ,24.10 ,9.70 ,5.40 ,23.30 ,764.30 ,0.55 ,79.10 ,8.07 ,2.97 
105.20 ,78.50 ,11.00 ,26.80 ,15.00 ,6.60 ,25.50 ,667.30 ,0.63 ,44.50 ,8.58 ,3.01 
133.00 ,71.50 ,13.30 ,30.30 ,7.30 ,7.80 ,23.70 ,586.00 ,0.74 ,79.90 ,8.75 ,2.88 
92.50 ,84.50 ,19.40 ,22.00 ,7.30 ,4.40 ,28.80 ,1850.70 ,0.42 ,NA,8.08 ,2.57 
117.30 ,78.40 ,10.20 ,27.20 ,9.70 ,5.60 ,25.70 ,684.70 ,0.57 ,70.80 ,9.45 ,2.97 
120.40 ,75.50 ,11.20 ,29.00 ,10.30 ,9.60 ,24.70 ,782.70 ,0.51 ,75.70 ,8.40 ,3.34 
118.70 ,75.50 ,9.70 ,28.20 ,11.00 ,7.80 ,28.00 ,706.00 ,0.49 ,64.20 ,8.24 ,3.43 
139.60 ,75.50 ,13.40 ,23.90 ,8.00 ,6.00 ,27.10 ,1300.00 ,0.42 ,162.50 ,7.74 ,2.47 
121.70 ,80.40 ,16.70 ,28.40 ,14.30 ,6.80 ,26.40 ,1094.70 ,0.55 ,76.40 ,9.53 ,3.10 
112.80 ,78.50 ,10.10 ,27.80 ,12.00 ,5.60 ,23.30 ,697.00 ,0.53 ,58.10 ,9.47 ,2.48 
115.90 ,75.50 ,7.70 ,27.70 ,6.70 ,6.60 ,25.90 ,615.00 ,0.45 ,92.30 ,8.28 ,3.34 
97.50 ,77.50 ,9.70 ,30.10 ,9.30 ,7.80 ,23.60 ,622.70 ,0.53 ,66.70 ,8.32 ,3.34 
113.10 ,78.50 ,14.50 ,28.20 ,13.00 ,9.20 ,24.10 ,930.30 ,0.57 ,71.60 ,8.99 ,2.54 
113.10 ,75.50 ,11.50 ,27.40 ,6.70 ,8.60 ,23.40 ,738.00 ,0.63 ,110.70 ,8.86 ,2.73 
150.90 ,84.40 ,17.40 ,21.40 ,7.00 ,5.80 ,28.80 ,1654.70 ,0.48 ,NA,8.19 ,2.42 
120.90 ,78.50 ,20.30 ,33.10 ,14.00 ,6.40 ,27.40 ,860.30 ,0.72 ,61.50 ,9.09 ,3.30 
125.30 ,78.40 ,16.40 ,25.70 ,9.70 ,7.80 ,24.80 ,1049.00 ,0.62 ,108.50 ,8.32 ,2.89 
138.20 ,75.50 ,NA,26.50 ,NA,6.60 ,28.90 ,NA,0.65 ,141.60 ,7.78 ,2.65 
116.50 ,75.50 ,17.70 ,27.80 ,15.00 ,8.60 ,22.90 ,1036.00 ,0.62 ,69.10 ,8.99 ,3.40 
114.40 ,74.40 ,9.80 ,35.80 ,8.30 ,7.60 ,23.40 ,509.30 ,0.53 ,61.10 ,7.90 ,2.83 
130.70 ,73.40 ,15.60 ,26.20 ,11.70 ,9.20 ,25.20 ,996.30 ,0.59 ,85.40 ,8.42 ,2.69 
110.10 ,76.40 ,9.20 ,33.90 ,8.00 ,6.80 ,23.60 ,487.70 ,0.56 ,61.00 ,7.51 ,2.83 
126.90 ,83.50 ,11.20 ,27.10 ,10.00 ,7.80 ,22.60 ,787.70 ,0.52 ,78.80 ,8.86 ,3.00 
134.50 ,79.50 ,18.00 ,26.90 ,12.00 ,9.00 ,22.50 ,1043.70 ,0.64 ,87.00 ,8.45 ,2.72 
143.40 ,76.40 ,12.50 ,24.30 ,11.00 ,5.40 ,26.00 ,1157.70 ,0.43 ,105.20 ,8.12 ,2.76 
119.90 ,82.30 ,15.40 ,19.60 ,10.30 ,7.60 ,26.10 ,2278.00 ,0.33 ,220.50 ,8.64 ,2.45 
109.30 ,78.40 ,8.80 ,28.20 ,8.70 ,10.80 ,23.60 ,528.70 ,0.59 ,61.00 ,8.96 ,3.38 
127.70 ,73.40 ,13.50 ,30.50 ,9.30 ,6.60 ,24.00 ,544.30 ,0.82 ,58.30 ,8.86 ,2.93 
128.90 ,78.40 ,19.60 ,25.70 ,13.30 ,10.20 ,25.00 ,1239.30 ,0.62 ,92.90 ,8.32 ,2.68 
93.70 ,78.50 ,8.80 ,24.90 ,10.30 ,4.40 ,21.20 ,609.70 ,0.58 ,59.00 ,8.65 ,3.12 
100.50 ,78.40 ,9.90 ,23.40 ,11.70 ,9.00 ,25.70 ,895.30 ,0.49 ,76.70 ,8.14 ,2.85 
96.80 ,78.50 ,5.10 ,24.40 ,8.00 ,9.00 ,25.00 ,419.00 ,0.50 ,52.40 ,9.23 ,2.87 
137.10 ,78.50 ,8.30 ,22.10 ,7.30 ,6.40 ,28.80 ,906.30 ,0.39 ,123.60 ,7.90 ,2.94 
160.80 ,78.40 ,12.30 ,26.40 ,6.00 ,5.60 ,29.70 ,715.00 ,0.65 ,119.20 ,8.76 ,2.78 
156.30 ,75.50 ,15.90 ,24.90 ,8.30 ,4.60 ,28.90 ,1067.30 ,0.62 ,128.10 ,8.53 ,2.74 
105.40 ,75.50 ,6.20 ,24.70 ,7.00 ,7.00 ,26.10 ,627.00 ,0.40 ,89.60 ,7.84 ,2.75 
118.50 ,80.40 ,18.40 ,26.90 ,9.70 ,6.40 ,25.90 ,1207.00 ,0.59 ,124.90 ,8.48 ,2.63 
156.40 ,71.60 ,12.80 ,21.90 ,8.00 ,5.20 ,27.90 ,1227.30 ,0.45 ,153.40 ,8.48 ,2.29 
133.40 ,75.50 ,10.30 ,27.10 ,10.70 ,7.80 ,26.20 ,1143.00 ,0.35 ,107.20 ,8.08 ,2.74 
112.50 ,78.40 ,11.20 ,18.10 ,10.00 ,8.60 ,26.90 ,1955.70 ,0.32 ,195.60 ,8.69 ,2.13 
122.70 ,86.50 ,16.40 ,20.90 ,9.30 ,10.40 ,26.70 ,1819.00 ,0.44 ,194.90 ,8.79 ,2.06 
160.60 ,71.50 ,14.50 ,26.90 ,11.00 ,7.20 ,27.70 ,1154.70 ,0.46 ,105.00 ,8.73 ,2.54 
147.40 ,82.30 ,18.90 ,24.20 ,12.00 ,5.20 ,27.40 ,1631.00 ,0.43 ,135.90 ,8.90 ,2.71 
143.70 ,78.50 ,7.30 ,21.20 ,8.30 ,6.00 ,25.50 ,1019.30 ,0.32 ,122.30 ,8.21 ,2.46 
135.20 ,83.40 ,9.50 ,23.40 ,6.30 ,5.40 ,27.90 ,1237.00 ,0.40 ,195.30 ,7.70 ,2.54 
120.60 ,78.50 ,17.10 ,29.30 ,8.70 ,7.40 ,22.70 ,1134.30 ,0.53 ,130.90 ,7.87 ,2.56 
101.20 ,78.50 ,11.00 ,24.70 ,8.00 ,7.40 ,22.10 ,919.30 ,0.48 ,114.90 ,8.24 ,2.50 
98.70 ,95.50 ,7.20 ,NA,9.00 ,8.40 ,24.40 ,899.70 ,0.17 ,100.00 ,7.52 ,2.04 
120.60 ,78.50 ,11.60 ,NA,7.30 ,7.60 ,25.40 ,505.00 ,0.39 ,68.90 ,7.16 ,NA
96.90 ,86.40 ,9.70 ,18.50 ,9.00 ,8.00 ,24.30 ,1486.00 ,0.34 ,165.10 ,8.91 ,2.30 
123.30 ,83.50 ,18.40 ,25.10 ,9.30 ,7.40 ,25.10 ,1607.70 ,0.46 ,172.30 ,7.63 ,2.61 
88.30 ,96.50 ,5.10 ,NA,9.70 ,8.80 ,23.80 ,842.00 ,0.16 ,87.10 ,7.24 ,2.03 
143.00 ,78.40 ,11.90 ,25.20 ,8.30 ,6.60 ,27.20 ,858.30 ,0.55 ,103.00 ,8.14 ,2.73 
151.40 ,73.40 ,13.90 ,26.70 ,8.30 ,6.00 ,27.20 ,757.70 ,0.70 ,90.90 ,8.47 ,2.79 
148.90 ,72.40 ,10.40 ,24.70 ,7.00 ,5.40 ,28.60 ,674.50 ,0.63 ,96.40 ,8.26 ,2.72 
147.60 ,73.40 ,14.30 ,26.10 ,5.30 ,4.60 ,27.80 ,718.00 ,0.80 ,134.60 ,8.33 ,2.69 