,SL1,SL2,SL3,SL4,SL5,SL6,SL7,SL8,SL9,SL10,SL11,SL12,SL13,SL14,SL15,SL16,SL17,SL18,SL118,SL20,SL21,SL22,SL23,SL24,SL25,SL26,SL27,SL28,SL29,SL30,SL31,SL32,SL33,SL34,SL35,SL36,SL37,SL38,SL39,SL40,SL41,SL42,SL43,SL44,SL45,SL46,SL47,SL48,SL49,SL50,SL51,SL52,SL53,SL54,SL55,SL56,SL57,SL58,SL59,SL60,SL61,SL62,SL63,SL64,SL65,SL66,SL67,SL68,SL69,SL70,SL71,SL72,SL73,SL74,SL75,SL76,SL77,SL78,SL79,SL80,SL81,SL82,SL83,SL84,SL85,SL86,SL87,SL88,SL89,SL90,SL91,SL92,SL93,SL94,SL95,SL97,SL98,SL100,SL101,SL102,SL103,SL105,SL106,SL107,SL108,SL109,SL110,SL111,SL112,SL113,SL114,SL115,SL116,SL117
InD1-1,1,2,2,2,1,2,1,1,1,1,1,1,1,1,2,2,1,2,1,2,2,2,1,1,2,3,2,2,2,2,2,2,2,2,2,2,2,2,2,1,1,2,2,2,1,1,2,2,1,2,2,2,3,2,2,2,2,2,3,2,1,3,1,1,2,1,1,2,3,1,0,0,2,2,2,2,1,2,2,2,1,1,1,2,2,0,2,2,2,2,2,0,2,2,0,2,2,1,1,1,1,2,2,2,2,1,2,2,2,2,1,2,1,2
InD1-28,1,1,2,3,2,1,1,1,1,1,1,2,2,2,1,2,2,1,1,2,1,1,1,1,2,3,2,2,2,2,2,3,2,2,2,1,1,2,2,2,2,2,2,2,1,2,2,2,2,2,2,2,3,2,2,2,2,2,3,2,1,3,2,2,2,2,1,2,1,1,1,1,2,2,2,1,3,1,2,3,3,1,1,1,1,1,3,1,3,1,1,2,1,2,2,1,1,2,2,2,2,1,2,2,2,1,2,2,2,1,2,2,1,1
InD1-58,2,2,2,2,2,2,2,2,2,2,2,1,1,1,1,2,2,1,2,2,1,1,2,2,2,2,2,2,2,2,2,3,2,2,1,2,2,2,2,3,2,2,2,2,2,2,1,1,3,2,2,2,2,2,1,2,2,1,3,2,3,2,2,2,1,2,2,3,3,2,1,1,2,2,2,3,2,2,2,2,2,2,2,1,3,2,2,2,2,2,2,2,2,1,1,2,2,2,2,2,2,2,2,2,2,2,2,1,2,1,1,2,1,1
InD1-60,1,2,1,1,3,1,1,1,1,1,1,2,2,2,1,1,1,1,1,1,1,1,1,3,1,1,1,1,1,1,1,1,1,1,1,1,1,1,1,1,2,1,1,1,1,1,1,1,1,1,1,1,3,1,1,1,1,1,1,1,3,3,1,1,1,1,1,1,3,1,1,1,1,1,1,3,1,1,1,1,3,1,1,1,1,2,2,1,1,2,1,2,1,2,2,1,1,2,2,1,2,1,1,1,1,1,1,1,1,1,1,1,1,1
InD1-152,2,2,2,2,2,2,2,2,2,1,2,1,1,1,2,1,1,2,2,1,2,2,2,2,2,3,2,2,3,2,2,3,2,2,2,2,2,2,2,3,2,2,2,2,2,2,2,2,3,2,2,2,3,2,2,2,2,2,3,2,2,3,1,1,2,1,1,1,2,1,2,2,2,2,2,2,2,2,1,3,3,2,2,2,2,2,2,1,3,1,2,1,2,2,2,2,2,2,2,1,2,2,2,1,1,2,1,1,1,2,2,1,2,2
InD2-26,2,2,1,1,1,2,3,1,2,2,2,2,2,1,1,1,1,1,2,1,1,1,1,1,1,3,1,1,1,1,1,1,1,1,1,1,1,1,1,1,2,1,1,1,2,1,1,1,1,1,1,1,3,1,1,1,1,1,1,1,1,3,1,1,1,1,1,1,1,1,1,1,1,1,1,2,1,1,1,3,1,2,1,1,3,1,1,2,3,2,3,2,2,1,1,1,1,1,1,1,1,1,1,1,1,1,1,1,1,1,1,1,1,1
InD2-43,1,1,2,1,3,1,1,1,1,1,1,2,2,1,1,1,2,1,1,1,1,1,1,1,1,1,1,1,1,1,1,1,1,1,1,1,1,1,1,1,2,1,1,1,1,1,1,1,1,1,1,1,1,1,1,1,1,1,1,1,3,1,1,2,2,2,1,2,1,2,1,2,1,1,1,1,1,1,1,1,1,1,1,1,1,1,3,1,3,1,1,2,1,1,1,2,2,1,1,1,1,1,1,1,1,1,1,1,2,2,1,2,2,1
InD2-89,2,1,2,2,1,1,2,1,1,1,1,2,2,1,1,2,2,1,1,2,1,1,1,1,2,3,2,2,3,2,2,3,2,2,2,1,1,1,1,2,2,2,2,2,1,2,1,1,3,2,2,2,2,2,2,2,2,2,3,2,3,1,2,2,1,2,2,1,1,2,0,0,2,2,2,1,1,1,2,2,2,1,1,1,2,2,2,2,2,2,1,2,1,1,1,1,1,1,1,0,1,1,1,2,2,1,2,2,2,1,1,2,1,1
InD2-136,2,2,2,2,1,1,1,1,3,3,3,2,3,1,3,2,3,3,3,2,3,1,2,1,2,2,2,2,2,2,3,2,2,2,2,2,3,3,2,3,3,2,2,2,1,2,2,2,2,2,2,2,2,2,3,2,2,3,3,2,3,1,2,2,0,3,2,0,1,3,2,0,2,2,2,2,2,1,2,2,3,1,1,2,2,0,1,1,1,1,1,2,1,2,0,1,1,1,1,2,1,1,1,2,2,0,2,2,2,1,1,2,1,1
InD2-141,1,1,1,1,1,2,3,1,2,1,1,2,2,2,1,1,1,1,2,1,1,1,3,2,1,1,1,1,1,1,1,1,1,1,1,1,1,1,1,1,2,1,1,1,1,1,1,1,1,1,1,1,1,1,1,1,1,1,3,1,1,1,1,1,1,1,1,1,3,1,1,1,1,1,1,3,1,1,1,3,1,2,2,1,3,1,1,2,2,2,2,2,2,1,1,1,1,1,1,1,1,1,1,1,1,2,1,1,1,1,1,1,2,1
InD3-77,1,1,3,1,2,2,1,2,1,1,2,1,1,2,2,1,1,2,1,1,2,2,1,2,1,1,1,1,1,1,1,3,1,1,1,2,2,2,2,2,1,1,1,1,1,1,1,1,3,1,1,1,1,1,1,1,1,1,1,1,1,3,1,1,2,1,1,2,1,1,1,2,1,1,1,2,2,2,1,1,1,1,1,2,3,2,1,1,1,1,1,1,1,2,2,2,2,2,2,1,2,2,2,1,1,1,1,2,1,2,2,1,1,2
InD3-95,1,1,3,1,1,1,1,1,1,1,1,1,1,1,1,1,1,1,1,1,1,1,2,2,1,1,1,1,1,1,1,1,1,1,1,1,1,1,1,1,1,1,1,1,1,1,1,1,1,1,1,1,1,1,1,1,1,1,1,1,3,3,1,1,1,1,1,1,1,1,1,1,1,1,1,1,1,1,1,2,1,2,1,1,1,1,1,1,1,1,1,2,1,2,2,1,1,1,1,1,1,1,1,1,1,1,1,1,1,1,1,1,1,1
InD4-44,2,2,2,2,2,2,2,2,2,2,2,2,2,2,2,2,2,2,2,2,2,2,2,2,2,2,2,2,2,2,2,2,2,2,2,2,2,2,2,2,2,2,2,2,2,2,2,2,2,2,2,2,2,2,2,2,2,2,2,2,2,2,2,2,2,2,2,2,2,2,2,2,2,2,2,2,2,2,2,2,2,1,2,2,2,2,2,2,2,2,2,2,2,2,2,1,2,2,2,2,2,1,1,2,2,1,1,1,2,2,2,2,2,2
InD4-75,2,1,2,2,3,1,1,1,2,2,2,3,1,1,1,2,2,1,2,2,1,3,2,1,2,3,2,2,2,2,2,3,2,2,2,1,1,1,1,3,1,2,2,2,1,2,2,2,3,2,2,2,3,2,2,2,2,2,3,2,3,1,2,2,1,2,2,1,1,2,1,2,2,2,2,1,3,1,2,3,3,1,1,1,2,3,2,2,2,2,1,3,2,1,1,1,1,1,1,2,1,1,1,2,2,1,2,2,2,1,1,2,1,1
InD4-85,2,3,2,1,2,1,3,1,2,3,2,2,2,2,1,2,2,2,2,2,2,2,2,1,2,3,2,2,2,2,2,2,2,2,2,2,2,2,2,2,2,2,2,2,2,2,2,2,2,2,2,2,2,2,2,2,2,2,3,2,3,2,2,2,2,1,2,2,3,2,2,2,2,2,2,2,2,2,2,2,2,2,1,2,2,2,3,3,2,3,2,2,2,2,2,2,2,2,2,2,2,2,2,2,2,1,2,2,2,2,2,2,1,2
InD5-42,2,2,2,1,2,2,2,2,2,3,2,2,2,2,2,1,1,2,2,1,2,2,2,2,1,3,1,1,1,1,1,1,1,1,1,1,2,2,2,3,2,1,1,1,2,1,1,1,1,1,1,1,1,1,1,1,1,1,3,1,3,1,1,1,2,1,1,2,3,1,1,2,1,1,1,2,3,2,1,1,1,2,2,2,1,1,1,1,3,2,2,2,2,2,2,2,2,2,2,1,2,2,2,1,1,2,1,1,1,2,2,1,2,2
InD5-58,1,1,2,2,1,1,2,3,2,2,2,2,2,1,1,2,2,1,2,2,1,1,2,2,2,2,2,2,2,2,2,2,2,2,2,2,1,1,1,3,2,2,2,2,2,2,2,2,2,2,2,2,2,2,2,2,2,2,2,2,3,3,2,2,1,2,2,1,2,2,1,1,2,2,2,3,3,1,2,3,2,2,2,1,3,2,2,2,3,1,1,2,2,1,1,1,1,1,1,2,1,1,1,2,2,2,2,2,2,1,1,2,2,1
InD5-121,2,2,1,1,2,2,2,2,2,2,1,1,1,2,2,2,2,2,2,2,2,2,2,2,2,2,2,2,2,2,2,2,2,2,2,2,2,2,2,2,1,2,2,2,1,2,2,2,2,2,2,2,2,2,2,2,2,2,2,2,2,2,2,2,2,2,2,2,2,2,2,2,2,2,2,2,2,2,2,2,2,1,2,2,2,2,2,2,2,2,2,1,2,1,1,2,2,1,1,2,1,2,2,2,2,1,2,2,2,2,2,2,2,2
InD6-16,2,2,1,0,2,2,2,2,1,2,1,2,2,2,2,2,2,2,2,2,2,2,2,2,2,3,2,2,2,2,2,2,2,1,1,1,1,1,2,1,2,2,2,2,1,2,2,2,1,1,1,1,1,2,1,2,2,2,1,1,1,3,2,2,2,1,2,1,1,1,1,1,2,2,2,2,2,2,2,2,1,2,1,2,3,1,2,2,1,2,2,2,2,2,2,2,2,2,2,2,2,2,2,2,2,1,2,2,2,2,2,2,1,2
InD6-98,2,0,2,1,2,2,2,2,2,1,1,2,2,2,2,2,2,2,1,2,2,2,2,2,2,2,2,2,2,2,2,2,2,2,2,2,2,2,2,2,2,2,2,2,2,2,2,2,2,2,2,2,2,2,2,2,2,2,3,2,2,2,2,2,2,2,2,2,3,2,2,2,2,2,2,3,2,2,2,2,2,2,2,2,3,2,2,2,2,2,2,2,2,2,2,2,2,2,2,2,2,2,2,2,2,2,2,2,2,2,2,2,2,2
InD6-157,2,1,1,1,2,2,2,2,2,2,2,2,2,2,2,2,2,2,2,2,2,2,2,2,2,2,2,2,2,2,2,2,2,2,2,2,2,2,2,2,2,2,2,2,2,2,2,2,2,2,2,2,3,2,2,2,2,2,3,2,2,3,2,2,2,2,2,0,3,2,2,2,2,2,2,2,2,2,2,2,3,2,2,2,2,2,2,2,2,2,2,2,2,2,2,2,2,2,2,2,2,2,2,2,2,2,2,2,2,2,2,2,2,2
InD7-1,2,1,1,1,1,2,3,2,2,1,1,2,1,2,2,2,2,2,2,2,2,2,2,2,2,3,2,2,2,2,2,2,2,1,2,2,2,2,2,2,1,2,2,2,2,2,2,2,2,2,2,2,2,2,1,2,2,2,2,2,2,2,2,2,2,2,2,2,2,2,2,2,2,2,2,1,2,2,2,2,2,2,2,2,2,2,2,2,2,2,1,1,1,2,2,2,2,2,2,2,2,2,2,2,2,1,2,2,2,2,2,2,2,2
InD7-50,2,1,2,1,2,2,2,1,1,1,1,1,1,1,1,2,2,1,2,2,1,1,2,2,2,2,2,2,2,2,2,2,2,2,2,2,1,2,1,2,1,2,2,2,2,2,2,2,2,2,2,2,2,2,2,2,2,2,2,2,1,2,2,2,1,2,2,1,1,2,2,1,2,2,2,3,1,1,2,2,2,2,2,1,2,1,2,1,1,2,1,1,1,1,1,1,1,1,1,2,1,1,1,2,2,1,2,1,2,1,1,2,2,1
InD7-89,2,2,1,1,1,3,3,2,1,1,1,1,1,0,1,1,1,1,2,1,1,1,2,2,1,3,1,1,1,1,1,1,1,1,1,1,1,1,1,1,1,1,1,1,1,1,1,1,1,1,1,1,1,1,1,1,1,1,3,1,1,3,1,1,1,1,2,2,2,1,1,1,1,1,1,1,1,1,1,3,1,2,1,1,3,1,1,2,3,2,2,1,1,2,2,1,1,2,2,2,2,1,1,1,1,2,1,1,1,1,1,1,1,1
InD8-60,2,2,2,2,2,2,2,2,2,2,2,1,1,2,2,1,2,2,2,1,2,2,1,2,1,3,1,1,1,1,1,4,1,1,1,2,2,1,1,1,1,1,1,1,2,1,1,1,2,1,1,1,2,2,2,1,1,2,1,2,3,4,1,2,2,2,2,2,4,2,2,2,1,1,1,1,2,2,1,1,1,2,2,2,3,4,2,2,2,2,2,1,2,2,2,2,2,2,2,1,2,2,2,1,1,1,1,2,1,2,2,1,2,2
InD8-119,1,1,2,2,1,1,1,3,2,2,3,1,1,1,1,1,1,1,1,1,1,1,1,1,1,1,1,1,1,1,1,1,1,1,1,1,1,1,1,1,1,1,1,1,1,1,3,1,1,1,1,1,1,1,1,1,1,1,1,1,1,1,1,1,1,3,1,1,1,1,3,3,1,1,1,3,1,1,1,1,1,1,1,1,1,3,3,1,1,1,3,3,3,1,1,1,1,1,1,1,1,1,1,1,1,1,1,1,1,1,1,1,1,1
InD8-246,1,1,1,1,1,1,1,1,1,1,1,1,1,1,1,2,2,2,2,2,2,1,2,2,1,3,1,1,1,1,1,1,1,1,1,1,1,1,1,1,1,1,1,2,1,1,2,2,1,1,1,1,3,2,2,1,1,2,1,2,1,1,1,1,1,1,1,1,1,1,1,1,2,2,1,1,3,1,2,2,2,1,1,1,1,1,1,1,1,1,1,1,1,1,1,1,1,1,1,1,1,1,1,1,1,1,1,1,1,1,1,1,1,1
InD9-6,2,2,1,1,1,3,3,3,2,1,1,2,2,2,2,1,0,2,0,0,2,2,1,3,1,3,1,1,1,1,1,1,1,1,1,1,2,1,1,1,2,1,1,1,1,1,1,1,1,1,1,1,1,1,1,1,1,1,3,1,1,1,1,1,2,1,1,2,3,1,1,2,1,1,1,1,2,2,1,2,3,2,1,2,2,2,3,2,1,1,2,2,2,2,2,2,2,2,2,1,2,2,2,1,1,2,1,2,1,2,1,2,2,2
InD9-39,1,1,1,1,2,3,4,4,2,1,1,2,2,2,2,1,1,2,2,1,2,2,1,1,1,4,1,1,1,1,1,1,1,1,1,1,2,1,1,1,2,1,1,1,1,1,1,0,2,1,1,1,1,1,1,1,1,1,3,1,1,4,1,1,2,1,1,2,4,1,1,1,1,1,1,1,2,2,1,2,1,1,1,1,2,2,2,2,1,1,1,1,1,1,1,2,2,2,2,1,2,2,2,2,2,2,1,2,1,2,0,1,2,1
InD9-108,2,2,1,1,1,3,1,1,1,1,2,1,1,1,1,2,2,1,1,2,1,1,2,2,2,3,2,2,2,2,2,3,2,2,2,1,1,2,2,2,1,2,2,2,1,2,2,2,2,2,2,2,2,2,2,2,2,2,2,2,1,2,2,2,1,1,2,1,2,1,1,1,2,2,1,1,2,1,2,2,2,1,2,2,2,1,2,2,2,2,1,0,0,2,2,1,1,0,1,2,1,1,1,2,2,1,2,2,2,1,1,2,1,1
InD10-11,1,1,2,0,1,2,2,2,1,1,1,2,2,1,1,1,1,1,2,3,1,1,1,1,1,1,1,1,1,1,1,1,1,1,1,1,1,1,1,1,2,1,1,1,1,1,1,1,1,1,1,1,1,1,1,1,1,1,1,1,1,1,1,1,1,1,1,1,1,1,1,1,1,1,1,1,1,1,1,1,2,1,1,1,1,1,1,1,1,1,1,2,2,2,2,1,1,1,1,1,1,1,1,1,1,1,1,1,1,1,1,1,1,1
InD10-49,1,1,1,1,2,2,3,2,2,1,2,1,1,2,2,2,2,2,0,2,2,2,2,2,2,4,2,2,2,2,2,2,2,2,2,2,1,1,1,2,1,2,2,2,1,2,1,0,2,2,2,2,4,2,2,2,2,2,4,2,4,4,1,1,2,2,2,2,2,2,2,2,1,1,2,3,2,2,2,1,2,1,2,1,4,2,2,1,4,2,2,1,2,1,1,1,1,1,1,1,1,1,1,1,1,1,1,1,1,1,1,1,2,1
InD10-100,2,2,2,1,3,1,2,1,1,1,1,2,2,1,1,2,2,1,1,2,1,1,2,2,1,1,1,1,1,1,1,3,1,1,1,1,1,1,1,1,2,3,2,2,2,2,0,2,3,2,2,2,2,2,2,2,2,1,1,2,2,2,2,2,1,2,2,1,1,2,0,0,2,2,2,0,1,1,2,3,3,1,1,0,1,0,1,2,2,1,1,2,1,1,1,2,2,0,1,2,1,1,1,2,2,1,2,2,2,1,1,2,1,1
InD10-133,3,1,1,2,2,2,2,2,2,1,2,2,2,2,2,1,1,2,2,1,2,2,2,2,1,3,1,1,1,1,1,3,1,1,1,2,1,1,1,1,2,1,1,1,2,1,1,1,3,1,1,1,3,1,1,1,1,1,3,1,3,2,1,1,2,1,1,2,3,1,2,1,1,1,1,2,2,2,1,1,2,2,2,2,2,2,2,1,2,2,2,2,2,2,2,2,2,2,2,1,2,1,1,1,1,2,1,3,1,2,2,1,2,2
InD11-38,1,1,2,1,2,2,2,2,1,1,1,2,2,2,2,1,1,2,1,1,2,2,2,2,1,2,1,1,1,1,1,2,1,1,0,2,2,2,2,1,2,1,1,1,1,1,0,1,1,3,3,1,2,0,1,1,0,1,2,1,2,2,1,1,2,1,1,2,2,1,2,2,1,1,1,2,3,2,1,1,1,2,2,2,2,2,2,2,1,2,1,2,2,2,2,1,2,2,2,3,2,2,2,1,1,1,1,1,1,2,2,1,1,2
InD11-59,2,2,1,1,1,1,1,1,1,1,1,1,1,1,2,1,1,2,1,1,2,2,1,1,1,1,1,1,1,1,1,3,1,1,1,2,2,2,2,1,1,1,1,1,1,1,1,1,1,1,1,1,1,1,1,1,1,1,1,1,1,3,1,1,2,1,1,2,1,1,1,2,1,1,1,3,2,2,1,1,1,1,1,2,3,2,1,1,1,1,0,1,1,2,2,2,2,2,2,1,2,2,2,1,1,1,1,2,1,2,2,1,1,2
InD12-24,2,1,1,1,2,2,2,2,2,2,2,2,1,1,1,1,2,1,1,1,1,1,1,1,1,3,1,1,1,1,1,1,1,1,1,1,1,1,1,1,1,1,1,1,1,1,1,1,1,1,1,1,1,1,1,1,1,1,4,1,1,3,1,2,1,2,1,0,4,3,0,1,1,1,1,1,1,1,1,1,1,1,1,1,1,1,2,2,1,1,1,1,1,1,1,1,2,1,2,2,2,2,2,2,2,1,1,1,1,1,1,1,2,1
InD12-98,2,2,1,1,1,0,2,2,0,1,0,1,2,1,1,2,2,2,1,2,1,1,2,2,2,2,2,2,2,2,0,0,2,2,2,1,1,1,1,3,1,1,1,1,2,1,1,1,2,2,2,1,1,1,1,1,1,1,1,2,2,3,1,2,1,2,2,1,1,2,1,1,2,2,2,2,1,1,2,2,2,2,2,1,1,1,2,2,2,2,0,2,0,2,2,1,1,2,1,2,1,1,1,2,2,2,2,2,2,1,1,0,0,1